"termindex","term","absolute_frequency","relative_frequency"
"1","y","797","0.1016"
"2","a","780","0.09941"
"3","ac","220","0.02804"
"4","heb","188","0.02396"
"5","yn","181","0.02307"
"6","ef","146","0.01861"
"7","r","139","0.01772"
"8","o","130","0.01657"
"9","ar","82","0.01045"
"10","i","79","0.01007"
"11","yr","79","0.01007"
"12","hynny","73","0.009304"
"13","pwyll","72","0.009177"
"14","oed","64","0.008157"
"15","hi","56","0.007137"
"16","e","52","0.006628"
"17","ynteu","50","0.006373"
"18","yd","50","0.006373"
"19","mab","44","0.005608"
"20","dy","42","0.005353"
"21","ny","41","0.005226"
"22","mi","40","0.005098"
"23","arglwyd","39","0.004971"
"24","na","36","0.004588"
"25","idaw","34","0.004333"
"26","llys","33","0.004206"
"27","ti","32","0.004079"
"28","duw","31","0.003951"
"29","wnaeth","29","0.003696"
"30","got","29","0.003696"
"31","di","29","0.003696"
"32","am","28","0.003569"
"33","ni","28","0.003569"
"34","un","28","0.003569"
"35","wrth","27","0.003441"
"36","riannon","27","0.003441"
"37","ual","25","0.003186"
"38","yw","25","0.003186"
"39","teirnon","24","0.003059"
"40","nyt","24","0.003059"
"41","sef","23","0.002931"
"42","hwnnw","23","0.002931"
"43","doeth","23","0.002931"
"44","dyuot","20","0.002549"
"45","ulwydyn","19","0.002422"
"46","wreic","19","0.002422"
"47","gwr","19","0.002422"
"48","th","18","0.002294"
"49","penn","18","0.002294"
"50","yny","18","0.002294"
"51","gyt","18","0.002294"
"52","yna","18","0.002294"
"53","no","18","0.002294"
"54","hyt","18","0.002294"
"55","honno","18","0.002294"
"56","llawen","18","0.002294"
"57","pa","17","0.002167"
"58","oruc","17","0.002167"
"59","march","17","0.002167"
"60","ie","17","0.002167"
"61","dyuet","17","0.002167"
"62","uy","17","0.002167"
"63","m","17","0.002167"
"64","bu","17","0.002167"
"65","hitheu","16","0.002039"
"66","wynt","16","0.002039"
"67","oet","16","0.002039"
"68","uab","15","0.001912"
"69","hun","15","0.001912"
"70","nos","15","0.001912"
"71","yssyd","15","0.001912"
"72","phan","15","0.001912"
"73","parth","15","0.001912"
"74","uyd","15","0.001912"
"75","rof","14","0.001784"
"76","dechreu","14","0.001784"
"77","da","14","0.001784"
"78","uarch","14","0.001784"
"79","uu","13","0.001657"
"80","pawb","13","0.001657"
"81","wlat","13","0.001657"
"82","ym","12","0.001529"
"83","ymdidan","12","0.001529"
"84","blwydyn","12","0.001529"
"85","gan","12","0.001529"
"86","mae","12","0.001529"
"87","neb","12","0.001529"
"88","byd","12","0.001529"
"89","oes","12","0.001529"
"90","erchwys","12","0.001529"
"91","arglwydes","11","0.001402"
"92","gennyf","11","0.001402"
"93","eisted","11","0.001402"
"94","dyd","11","0.001402"
"95","ymi","11","0.001402"
"96","attep","10","0.001275"
"97","arnaw","10","0.001275"
"98","heueyd","10","0.001275"
"99","wyr","10","0.001275"
"100","thi","10","0.001275"
"101","wnaethont","10","0.001275"
"102","wnaf","10","0.001275"
"103","mawr","10","0.001275"
"104","yno","10","0.001275"
"105","idi","10","0.001275"
"106","bo","10","0.001275"
"107","hynn","10","0.001275"
"108","wrthaw","10","0.001275"
"109","wy","10","0.001275"
"110","arall","10","0.001275"
"111","orssed","10","0.001275"
"112","yt","10","0.001275"
"113","ol","10","0.001275"
"114","gyuoeth","10","0.001275"
"115","hep","9","0.001147"
"116","pob","9","0.001147"
"117","amdanaw","9","0.001147"
"118","rodi","9","0.001147"
"119","wled","9","0.001147"
"120","lle","9","0.001147"
"121","llyma","9","0.001147"
"122","annwuyn","9","0.001147"
"123","nit","9","0.001147"
"124","dywot","9","0.001147"
"125","arnaf","9","0.001147"
"126","arberth","9","0.001147"
"127","aeth","8","0.00102"
"128","heno","8","0.00102"
"129","llyna","8","0.00102"
"130","gwreic","8","0.00102"
"131","guawl","8","0.00102"
"132","arawn","8","0.00102"
"133","dywedut","8","0.00102"
"134","ganthaw","8","0.00102"
"135","af","8","0.00102"
"136","bot","8","0.00102"
"137","holl","8","0.00102"
"138","beth","8","0.00102"
"139","uynyd","8","0.00102"
"140","dwyn","8","0.00102"
"141","annwn","8","0.00102"
"142","nac","8","0.00102"
"143","welsei","8","0.00102"
"144","wrthyt","8","0.00102"
"145","goreu","8","0.00102"
"146","gyscu","7","0.0008922"
"147","gwraged","7","0.0008922"
"148","gennyt","7","0.0008922"
"149","kyuoeth","7","0.0008922"
"150","vn","7","0.0008922"
"151","titheu","7","0.0008922"
"152","amser","7","0.0008922"
"153","arnat","7","0.0008922"
"154","iawn","7","0.0008922"
"155","mywn","7","0.0008922"
"156","kynghor","7","0.0008922"
"157","yuelly","7","0.0008922"
"158","uot","7","0.0008922"
"159","kyntaf","7","0.0008922"
"160","byt","7","0.0008922"
"161","uyth","7","0.0008922"
"162","neuad","7","0.0008922"
"163","os","7","0.0008922"
"164","at","7","0.0008922"
"165","yndi","7","0.0008922"
"166","erbyn","7","0.0008922"
"167","kymryt","7","0.0008922"
"168","ys","7","0.0008922"
"169","pwy","7","0.0008922"
"170","ganthunt","7","0.0008922"
"171","pan","7","0.0008922"
"172","bali","6","0.0007647"
"173","hymlit","6","0.0007647"
"174","wnaethant","6","0.0007647"
"175","eneit","6","0.0007647"
"176","eiroet","6","0.0007647"
"177","teulu","6","0.0007647"
"178","arch","6","0.0007647"
"179","carw","6","0.0007647"
"180","deu","6","0.0007647"
"181","niuer","6","0.0007647"
"182","wyf","6","0.0007647"
"183","guedy","6","0.0007647"
"184","pei","6","0.0007647"
"185","tra","6","0.0007647"
"186","neu","6","0.0007647"
"187","bwyta","6","0.0007647"
"188","hwnn","6","0.0007647"
"189","neges","6","0.0007647"
"190","oll","6","0.0007647"
"191","pryderi","6","0.0007647"
"192","dim","6","0.0007647"
"193","ui","6","0.0007647"
"194","cwn","6","0.0007647"
"195","uynet","6","0.0007647"
"196","chyuedach","6","0.0007647"
"197","welei","6","0.0007647"
"198","ebawl","6","0.0007647"
"199","chynt","6","0.0007647"
"200","hela","6","0.0007647"
"201","wynteu","6","0.0007647"
"202","peth","5","0.0006373"
"203","honn","5","0.0006373"
"204","bwyt","5","0.0006373"
"205","bynnac","5","0.0006373"
"206","geir","5","0.0006373"
"207","chyrchu","5","0.0006373"
"208","ditheu","5","0.0006373"
"209","seith","5","0.0006373"
"210","innheu","5","0.0006373"
"211","pendaran","5","0.0006373"
"212","aethant","5","0.0006373"
"213","rodaf","5","0.0006373"
"214","treulaw","5","0.0006373"
"215","gyfranc","5","0.0006373"
"216","eil","5","0.0006373"
"217","honunt","5","0.0006373"
"218","hon","5","0.0006373"
"219","achaws","5","0.0006373"
"220","llad","5","0.0006373"
"221","namyn","5","0.0006373"
"222","cantref","5","0.0006373"
"223","dywedy","5","0.0006373"
"224","ymchwelut","5","0.0006373"
"225","twrwf","5","0.0006373"
"226","udunt","5","0.0006373"
"227","ae","5","0.0006373"
"228","hafgan","5","0.0006373"
"229","hen","5","0.0006373"
"230","amgen","5","0.0006373"
"231","gerdet","5","0.0006373"
"232","awn","5","0.0006373"
"233","it","5","0.0006373"
"234","wnn","5","0.0006373"
"235","dodi","5","0.0006373"
"236","wisc","5","0.0006373"
"237","ymdeith","5","0.0006373"
"238","wraged","5","0.0006373"
"239","uarchoges","5","0.0006373"
"240","gwna","5","0.0006373"
"241","edrych","5","0.0006373"
"242","gynghor","5","0.0006373"
"243","uelly","5","0.0006373"
"244","yma","5","0.0006373"
"245","gorn","5","0.0006373"
"246","thrannoeth","5","0.0006373"
"247","digawn","5","0.0006373"
"248","itt","5","0.0006373"
"249","urenhin","5","0.0006373"
"250","uwyt","5","0.0006373"
"251","ouyn","5","0.0006373"
"252","welynt","5","0.0006373"
"253","darparedic","5","0.0006373"
"254","enw","5","0.0006373"
"255","pendeuic","4","0.0005098"
"256","noc","4","0.0005098"
"257","wybot","4","0.0005098"
"258","urenhines","4","0.0005098"
"259","drws","4","0.0005098"
"260","gedymdeithon","4","0.0005098"
"261","baraf","4","0.0005098"
"262","pen","4","0.0005098"
"263","unben","4","0.0005098"
"264","kyscu","4","0.0005098"
"265","gyntaf","4","0.0005098"
"266","marchawc","4","0.0005098"
"267","yniueroed","4","0.0005098"
"268","dalo","4","0.0005098"
"269","erchi","4","0.0005098"
"270","noss","4","0.0005098"
"271","bei","4","0.0005098"
"272","mwyn","4","0.0005098"
"273","eu","4","0.0005098"
"274","yndaw","4","0.0005098"
"275","chwedyl","4","0.0005098"
"276","gwled","4","0.0005098"
"277","wyt","4","0.0005098"
"278","chwi","4","0.0005098"
"279","uorwyn","4","0.0005098"
"280","digrifwch","4","0.0005098"
"281","drwy","4","0.0005098"
"282","gwyrda","4","0.0005098"
"283","damwein","4","0.0005098"
"284","wyrda","4","0.0005098"
"285","gyuodes","4","0.0005098"
"286","rei","4","0.0005098"
"287","dyrnas","4","0.0005098"
"288","ymma","4","0.0005098"
"289","hagen","4","0.0005098"
"290","clut","4","0.0005098"
"291","uo","4","0.0005098"
"292","dyn","4","0.0005098"
"293","uei","4","0.0005098"
"294","kyuodi","4","0.0005098"
"295","ystauell","4","0.0005098"
"296","menegi","4","0.0005098"
"297","minheu","4","0.0005098"
"298","wr","4","0.0005098"
"299","uwy","4","0.0005098"
"300","delei","4","0.0005098"
"301","genthi","4","0.0005098"
"302","kerdet","4","0.0005098"
"303","ansawd","4","0.0005098"
"304","ansyberwyt","4","0.0005098"
"305","ryngthunt","4","0.0005098"
"306","orugant","4","0.0005098"
"307","yniuer","4","0.0005098"
"308","llef","4","0.0005098"
"309","ford","4","0.0005098"
"310","threulaw","4","0.0005098"
"311","doethant","4","0.0005098"
"312","keffy","4","0.0005098"
"313","law","4","0.0005098"
"314","perued","3","0.0003824"
"315","gadu","3","0.0003824"
"316","hanner","3","0.0003824"
"317","phenyt","3","0.0003824"
"318","ony","3","0.0003824"
"319","meirch","3","0.0003824"
"320","ganuet","3","0.0003824"
"321","eueyd","3","0.0003824"
"322","aethont","3","0.0003824"
"323","deudroet","3","0.0003824"
"324","kyuedach","3","0.0003824"
"325","arlwy","3","0.0003824"
"326","nys","3","0.0003824"
"327","chan","3","0.0003824"
"328","dros","3","0.0003824"
"329","rac","3","0.0003824"
"330","dial","3","0.0003824"
"331","kymeint","3","0.0003824"
"332","yg","3","0.0003824"
"333","wrthi","3","0.0003824"
"334","attei","3","0.0003824"
"335","guyrda","3","0.0003824"
"336","broch","3","0.0003824"
"337","allan","3","0.0003824"
"338","trannoeth","3","0.0003824"
"339","bydei","3","0.0003824"
"340","diolwch","3","0.0003824"
"341","ureich","3","0.0003824"
"342","doethont","3","0.0003824"
"343","kyn","3","0.0003824"
"344","dywedaf","3","0.0003824"
"345","llywenyd","3","0.0003824"
"346","arnei","3","0.0003824"
"347","medylyaw","3","0.0003824"
"348","hir","3","0.0003824"
"349","gwedy","3","0.0003824"
"350","medwl","3","0.0003824"
"351","ryw","3","0.0003824"
"352","dodet","3","0.0003824"
"353","gauas","3","0.0003824"
"354","gymerth","3","0.0003824"
"355","dos","3","0.0003824"
"356","kynn","3","0.0003824"
"357","gassec","3","0.0003824"
"358","thykya","3","0.0003824"
"359","peri","3","0.0003824"
"360","thygyei","3","0.0003824"
"361","gedymdeith","3","0.0003824"
"362","uiui","3","0.0003824"
"363","uydei","3","0.0003824"
"364","pellaf","3","0.0003824"
"365","ynni","3","0.0003824"
"366","ty","3","0.0003824"
"367","doe","3","0.0003824"
"368","gigleu","3","0.0003824"
"369","dyrnawt","3","0.0003824"
"370","del","3","0.0003824"
"371","iti","3","0.0003824"
"372","wydwn","3","0.0003824"
"373","canys","3","0.0003824"
"374","wneuthum","3","0.0003824"
"375","wallt","3","0.0003824"
"376","welet","3","0.0003824"
"377","attal","3","0.0003824"
"378","troi","3","0.0003824"
"379","herbyn","3","0.0003824"
"380","gwawl","3","0.0003824"
"381","ganet","3","0.0003824"
"382","gyrchyssant","3","0.0003824"
"383","gwyr","3","0.0003824"
"384","ry","3","0.0003824"
"385","debygei","3","0.0003824"
"386","gilid","3","0.0003824"
"387","llaw","3","0.0003824"
"388","wely","3","0.0003824"
"389","rodes","3","0.0003824"
"390","racdaw","3","0.0003824"
"391","chynn","3","0.0003824"
"392","dylyedauc","3","0.0003824"
"393","was","3","0.0003824"
"394","ymgueiraw","3","0.0003824"
"395","gydymdeithas","3","0.0003824"
"396","miui","3","0.0003824"
"397","llathreit","3","0.0003824"
"398","uryt","3","0.0003824"
"399","uedwl","3","0.0003824"
"400","guell","3","0.0003824"
"401","unbenn","3","0.0003824"
"402","gam","3","0.0003824"
"403","kyuarch","3","0.0003824"
"404","dayar","3","0.0003824"
"405","cuch","3","0.0003824"
"406","furyf","3","0.0003824"
"407","inheu","3","0.0003824"
"408","adnappo","3","0.0003824"
"409","dioer","3","0.0003824"
"410","uedyant","3","0.0003824"
"411","welas","3","0.0003824"
"412","guas","3","0.0003824"
"413","coet","3","0.0003824"
"414","ragot","3","0.0003824"
"415","dygyuor","3","0.0003824"
"416","cherdet","3","0.0003824"
"417","ryt","3","0.0003824"
"418","guastat","3","0.0003824"
"419","dyro","3","0.0003824"
"420","amdanei","3","0.0003824"
"421","kystal","3","0.0003824"
"422","bordeu","3","0.0003824"
"423","attaw","3","0.0003824"
"424","llynn","3","0.0003824"
"425","anryded","3","0.0003824"
"426","dylyei","2","0.0002549"
"427","deccaf","2","0.0002549"
"428","twryf","2","0.0002549"
"429","ducpwyt","2","0.0002549"
"430","herwyd","2","0.0002549"
"431","uuwyt","2","0.0002549"
"432","uliant","2","0.0002549"
"433","chadw","2","0.0002549"
"434","neur","2","0.0002549"
"435","cassec","2","0.0002549"
"436","dygaf","2","0.0002549"
"437","pryt","2","0.0002549"
"438","canu","2","0.0002549"
"439","llawr","2","0.0002549"
"440","bychan","2","0.0002549"
"441","gwnaf","2","0.0002549"
"442","ohonaw","2","0.0002549"
"443","gyn","2","0.0002549"
"444","hediw","2","0.0002549"
"445","ninheu","2","0.0002549"
"446","penyt","2","0.0002549"
"447","yskynuaen","2","0.0002549"
"448","gueda","2","0.0002549"
"449","gallwyf","2","0.0002549"
"450","gadarn","2","0.0002549"
"451","ryngtaw","2","0.0002549"
"452","hwy","2","0.0002549"
"453","arglwydiaeth","2","0.0002549"
"454","uuassei","2","0.0002549"
"455","ymouyn","2","0.0002549"
"456","marchauc","2","0.0002549"
"457","gannyat","2","0.0002549"
"458","calanmei","2","0.0002549"
"459","eistedyssont","2","0.0002549"
"460","geueis","2","0.0002549"
"461","chyt","2","0.0002549"
"462","och","2","0.0002549"
"463","nes","2","0.0002549"
"464","uawr","2","0.0002549"
"465","ymgael","2","0.0002549"
"466","gwylat","2","0.0002549"
"467","oy","2","0.0002549"
"468","darmerth","2","0.0002549"
"469","llannerch","2","0.0002549"
"470","gwnaeth","2","0.0002549"
"471","not","2","0.0002549"
"472","gwisc","2","0.0002549"
"473","dreulwys","2","0.0002549"
"474","nog","2","0.0002549"
"475","rodwn","2","0.0002549"
"476","meicheu","2","0.0002549"
"477","dodwyf","2","0.0002549"
"478","wnaethpwyt","2","0.0002549"
"479","ammot","2","0.0002549"
"480","gennym","2","0.0002549"
"481","wyppo","2","0.0002549"
"482","gynted","2","0.0002549"
"483","cany","2","0.0002549"
"484","dillat","2","0.0002549"
"485","uynwgyl","2","0.0002549"
"486","neithwyr","2","0.0002549"
"487","an","2","0.0002549"
"488","uam","2","0.0002549"
"489","im","2","0.0002549"
"490","ellwg","2","0.0002549"
"491","pann","2","0.0002549"
"492","paham","2","0.0002549"
"493","kyfryw","2","0.0002549"
"494","mynnych","2","0.0002549"
"495","lliw","2","0.0002549"
"496","degach","2","0.0002549"
"497","wypych","2","0.0002549"
"498","aet","2","0.0002549"
"499","uarchauc","2","0.0002549"
"500","llwydannus","2","0.0002549"
"501","eiste","2","0.0002549"
"502","heibaw","2","0.0002549"
"503","well","2","0.0002549"
"504","pedestric","2","0.0002549"
"505","ladyssei","2","0.0002549"
"506","mwyaf","2","0.0002549"
"507","gyr","2","0.0002549"
"508","urys","2","0.0002549"
"509","anglot","2","0.0002549"
"510","chyn","2","0.0002549"
"511","chymer","2","0.0002549"
"512","hol","2","0.0002549"
"513","wytti","2","0.0002549"
"514","ymlit","2","0.0002549"
"515","diuetha","2","0.0002549"
"516","nas","2","0.0002549"
"517","ha","2","0.0002549"
"518","gynt","2","0.0002549"
"519","trigwyt","2","0.0002549"
"520","llithiau","2","0.0002549"
"521","wybu","2","0.0002549"
"522","weleis","2","0.0002549"
"523","ymdaraw","2","0.0002549"
"524","lladei","2","0.0002549"
"525","uwyaf","2","0.0002549"
"526","ysparduneu","2","0.0002549"
"527","trydyd","2","0.0002549"
"528","weleist","2","0.0002549"
"529","gerennyd","2","0.0002549"
"530","ogyuuch","2","0.0002549"
"531","mynet","2","0.0002549"
"532","onyt","2","0.0002549"
"533","uerch","2","0.0002549"
"534","drostaw","2","0.0002549"
"535","garyat","2","0.0002549"
"536","awr","2","0.0002549"
"537","mor","2","0.0002549"
"538","gwledychu","2","0.0002549"
"539","honaw","2","0.0002549"
"540","uch","2","0.0002549"
"541","yscar","2","0.0002549"
"542","plant","2","0.0002549"
"543","clusteu","2","0.0002549"
"544","anuon","2","0.0002549"
"545","daruot","2","0.0002549"
"546","arnunt","2","0.0002549"
"547","gorssed","2","0.0002549"
"548","yskynnu","2","0.0002549"
"549","druein","2","0.0002549"
"550","drwc","2","0.0002549"
"551","geu","2","0.0002549"
"552","attunt","2","0.0002549"
"553","bydynt","2","0.0002549"
"554","hwyneb","2","0.0002549"
"555","mynny","2","0.0002549"
"556","gyrru","2","0.0002549"
"557","ay","2","0.0002549"
"558","nat","2","0.0002549"
"559","cael","2","0.0002549"
"560","oheni","2","0.0002549"
"561","archolleu","2","0.0002549"
"562","pha","2","0.0002549"
"563","negesseu","2","0.0002549"
"564","daruu","2","0.0002549"
"565","uilwraeth","2","0.0002549"
"566","riuedi","2","0.0002549"
"567","eisseu","2","0.0002549"
"568","ueithryn","2","0.0002549"
"569","arueu","2","0.0002549"
"570","wreicda","2","0.0002549"
"571","diarchenu","2","0.0002549"
"572","gyrchwys","2","0.0002549"
"573","medynt","2","0.0002549"
"574","bit","2","0.0002549"
"575","teccaf","2","0.0002549"
"576","dylyet","2","0.0002549"
"577","chware","2","0.0002549"
"578","magwyt","2","0.0002549"
"579","el","2","0.0002549"
"580","guare","2","0.0002549"
"581","ulwyd","2","0.0002549"
"582","chyuyt","2","0.0002549"
"583","differeist","2","0.0002549"
"584","keis","2","0.0002549"
"585","ieuengtit","2","0.0002549"
"586","euryn","2","0.0002549"
"587","vy","2","0.0002549"
"588","ngwyrda","2","0.0002549"
"589","dygwch","2","0.0002549"
"590","llawn","2","0.0002549"
"591","gwri","2","0.0002549"
"592","neut","2","0.0002549"
"593","llawer","2","0.0002549"
"594","ch","2","0.0002549"
"595","bellach","2","0.0002549"
"596","lynn","2","0.0002549"
"597","ych","2","0.0002549"
"598","gueisson","2","0.0002549"
"599","keueist","2","0.0002549"
"600","trigyssant","2","0.0002549"
"601","lys","2","0.0002549"
"602","eur","2","0.0002549"
"603","cherdeu","2","0.0002549"
"604","guely","2","0.0002549"
"605","geuyn","2","0.0002549"
"606","wawl","2","0.0002549"
"607","gantaw","2","0.0002549"
"608","kyuot","2","0.0002549"
"609","neill","2","0.0002549"
"610","trwm","2","0.0002549"
"611","bratteu","2","0.0002549"
"612","phoen","2","0.0002549"
"613","gwiscaw","2","0.0002549"
"614","ymolchi","2","0.0002549"
"615","trwy","2","0.0002549"
"616","guelei","2","0.0002549"
"617","weisson","2","0.0002549"
"618","gyweirwyt","2","0.0002549"
"619","eurwisc","2","0.0002549"
"620","wal","2","0.0002549"
"621","rwng","2","0.0002549"
"622","wneynt","2","0.0002549"
"623","gorff","2","0.0002549"
"624","wylldeu","2","0.0002549"
"625","fob","2","0.0002549"
"626","rodet","2","0.0002549"
"627","ercheis","2","0.0002549"
"628","honawch","2","0.0002549"
"629","ben","2","0.0002549"
"630","poen","2","0.0002549"
"631","meirych","2","0.0002549"
"632","lloneit","2","0.0002549"
"633","angheu","2","0.0002549"
"634","delych","2","0.0002549"
"635","ruthyr","2","0.0002549"
"636","uechan","2","0.0002549"
"637","thebygaf","2","0.0002549"
"638","glywei","2","0.0002549"
"639","le","2","0.0002549"
"640","dwy","2","0.0002549"
"641","archaf","2","0.0002549"
"642","uydaf","2","0.0002549"
"643","ymwarandaw","2","0.0002549"
"644","uym","2","0.0002549"
"645","gryf","2","0.0002549"
"646","cherdoryon","2","0.0002549"
"647","gylch","2","0.0002549"
"648","drossot","2","0.0002549"
"649","drych","2","0.0002549"
"650","gymryt","2","0.0002549"
"651","eircheit","2","0.0002549"
"652","rywelsei","2","0.0002549"
"653","furuf","2","0.0002549"
"654","drannoeth","2","0.0002549"
"655","gynnym","1","0.0001275"
"656","weicheu","1","0.0001275"
"657","harglwyd","1","0.0001275"
"658","brawduaeth","1","0.0001275"
"659","chyuodi","1","0.0001275"
"660","dietiued","1","0.0001275"
"661","amgeledus","1","0.0001275"
"662","phedwar","1","0.0001275"
"663","gyflym","1","0.0001275"
"664","dyuynnu","1","0.0001275"
"665","kyuodaf","1","0.0001275"
"666","bwrw","1","0.0001275"
"667","riuaw","1","0.0001275"
"668","loppaneu","1","0.0001275"
"669","bresseleu","1","0.0001275"
"670","gerynt","1","0.0001275"
"671","caeu","1","0.0001275"
"672","adwa","1","0.0001275"
"673","enwn","1","0.0001275"
"674","carchar","1","0.0001275"
"675","carryeu","1","0.0001275"
"676","tywi","1","0.0001275"
"677","delediwhaf","1","0.0001275"
"678","dala","1","0.0001275"
"679","kynnyd","1","0.0001275"
"680","trymuryt","1","0.0001275"
"681","dechreuis","1","0.0001275"
"682","dyledogyon","1","0.0001275"
"683","ueithon","1","0.0001275"
"684","kymmeraf","1","0.0001275"
"685","clwm","1","0.0001275"
"686","ynys","1","0.0001275"
"687","yndunt","1","0.0001275"
"688","dylyer","1","0.0001275"
"689","dryded","1","0.0001275"
"690","perthyn","1","0.0001275"
"691","keredigyawn","1","0.0001275"
"692","vab","1","0.0001275"
"693","hoffaf","1","0.0001275"
"694","tir","1","0.0001275"
"695","ryd","1","0.0001275"
"696","geing","1","0.0001275"
"697","wnawn","1","0.0001275"
"698","bydaf","1","0.0001275"
"699","cwbyl","1","0.0001275"
"700","mynnwys","1","0.0001275"
"701","anet","1","0.0001275"
"702","dotter","1","0.0001275"
"703","oedwch","1","0.0001275"
"704","lawnach","1","0.0001275"
"705","uyrit","1","0.0001275"
"706","wylat","1","0.0001275"
"707","llenwi","1","0.0001275"
"708","mam","1","0.0001275"
"709","gyuodassant","1","0.0001275"
"710","hwech","1","0.0001275"
"711","sswydwyr","1","0.0001275"
"712","ueicheu","1","0.0001275"
"713","chyuoeth","1","0.0001275"
"714","ssenghi","1","0.0001275"
"715","wdom","1","0.0001275"
"716","rydhawyt","1","0.0001275"
"717","bydy","1","0.0001275"
"718","uyrr","1","0.0001275"
"719","gouyn","1","0.0001275"
"720","gyuoet","1","0.0001275"
"721","seissyllwch","1","0.0001275"
"722","etiued","1","0.0001275"
"723","oreugwyr","1","0.0001275"
"724","gelwir","1","0.0001275"
"725","kymmer","1","0.0001275"
"726","teruyna","1","0.0001275"
"727","ettiued","1","0.0001275"
"728","ohonei","1","0.0001275"
"729","byth","1","0.0001275"
"730","perhey","1","0.0001275"
"731","kerych","1","0.0001275"
"732","gollyngwyt","1","0.0001275"
"733","diodefwn","1","0.0001275"
"734","geimat","1","0.0001275"
"735","ettwa","1","0.0001275"
"736","yspeil","1","0.0001275"
"737","rod","1","0.0001275"
"738","guerthuawr","1","0.0001275"
"739","chymriw","1","0.0001275"
"740","reit","1","0.0001275"
"741","kerdoryon","1","0.0001275"
"742","ommed","1","0.0001275"
"743","wnewch","1","0.0001275"
"744","kicua","1","0.0001275"
"745","ennein","1","0.0001275"
"746","garedic","1","0.0001275"
"747","gedernit","1","0.0001275"
"748","ouynnei","1","0.0001275"
"749","gat","1","0.0001275"
"750","blwydyned","1","0.0001275"
"751","uynno","1","0.0001275"
"752","briwedic","1","0.0001275"
"753","llunnyawd","1","0.0001275"
"754","pheunyd","1","0.0001275"
"755","parhao","1","0.0001275"
"756","gloyw","1","0.0001275"
"757","pheri","1","0.0001275"
"758","gostec","1","0.0001275"
"759","lonydu","1","0.0001275"
"760","llonydwch","1","0.0001275"
"761","llonydit","1","0.0001275"
"762","uarw","1","0.0001275"
"763","warandaw","1","0.0001275"
"764","dyweit","1","0.0001275"
"765","wynn","1","0.0001275"
"766","guir","1","0.0001275"
"767","gohoyw","1","0.0001275"
"768","dihenyd","1","0.0001275"
"769","llonydu","1","0.0001275"
"770","drossof","1","0.0001275"
"771","guarandawut","1","0.0001275"
"772","digriuwch","1","0.0001275"
"773","guarywyt","1","0.0001275"
"774","adawaf","1","0.0001275"
"775","ouynno","1","0.0001275"
"776","hoedyl","1","0.0001275"
"777","eistedyssant","1","0.0001275"
"778","eistedwys","1","0.0001275"
"779","gwledychwys","1","0.0001275"
"780","teruyn","1","0.0001275"
"781","paub","1","0.0001275"
"782","dangos","1","0.0001275"
"783","walltlydan","1","0.0001275"
"784","uaen","1","0.0001275"
"785","ystrat","1","0.0001275"
"786","gwass","1","0.0001275"
"787","gouynnei","1","0.0001275"
"788","hunn","1","0.0001275"
"789","odymma","1","0.0001275"
"790","gosp","1","0.0001275"
"791","wreika","1","0.0001275"
"792","trawei","1","0.0001275"
"793","wledic","1","0.0001275"
"794","mal","1","0.0001275"
"795","trychantref","1","0.0001275"
"796","gerdassant","1","0.0001275"
"797","didestyl","1","0.0001275"
"798","edewis","1","0.0001275"
"799","geif","1","0.0001275"
"800","dihenyt","1","0.0001275"
"801","llunnya","1","0.0001275"
"802","enwauc","1","0.0001275"
"803","gae","1","0.0001275"
"804","uodrwy","1","0.0001275"
"805","kerdwn","1","0.0001275"
"806","chyfnot","1","0.0001275"
"807","throssawl","1","0.0001275"
"808","ommedwyt","1","0.0001275"
"809","droet","1","0.0001275"
"810","cassnar","1","0.0001275"
"811","uod","1","0.0001275"
"812","wnai","1","0.0001275"
"813","uympwy","1","0.0001275"
"814","taraw","1","0.0001275"
"815","wnaethpwyd","1","0.0001275"
"816","dreulwyt","1","0.0001275"
"817","uydwn","1","0.0001275"
"818","treulyssant","1","0.0001275"
"819","rwydhao","1","0.0001275"
"820","camp","1","0.0001275"
"821","kynydwys","1","0.0001275"
"822","chwpplaf","1","0.0001275"
"823","theccaf","1","0.0001275"
"824","ammouyn","1","0.0001275"
"825","uynnawd","1","0.0001275"
"826","barhaud","1","0.0001275"
"827","gychwynnaf","1","0.0001275"
"828","auore","1","0.0001275"
"829","dalym","1","0.0001275"
"830","cwynaw","1","0.0001275"
"831","eisswys","1","0.0001275"
"832","dadyl","1","0.0001275"
"833","honaf","1","0.0001275"
"834","agoret","1","0.0001275"
"835","ymhwelut","1","0.0001275"
"836","llenn","1","0.0001275"
"837","cayat","1","0.0001275"
"838","lad","1","0.0001275"
"839","gyskeis","1","0.0001275"
"840","ewch","1","0.0001275"
"841","emmyl","1","0.0001275"
"842","buont","1","0.0001275"
"843","doethost","1","0.0001275"
"844","deffroeis","1","0.0001275"
"845","llen","1","0.0001275"
"846","cof","1","0.0001275"
"847","rodyssei","1","0.0001275"
"848","dynnyon","1","0.0001275"
"849","didanwch","1","0.0001275"
"850","mynnut","1","0.0001275"
"851","dygwn","1","0.0001275"
"852","petwyryd","1","0.0001275"
"853","dywedwn","1","0.0001275"
"854","drydyd","1","0.0001275"
"855","mot","1","0.0001275"
"856","ueichawc","1","0.0001275"
"857","inni","1","0.0001275"
"858","myui","1","0.0001275"
"859","duunaf","1","0.0001275"
"860","adaw","1","0.0001275"
"861","duc","1","0.0001275"
"862","bedydyaw","1","0.0001275"
"863","yneuad","1","0.0001275"
"864","moi","1","0.0001275"
"865","telediw","1","0.0001275"
"866","cam","1","0.0001275"
"867","phwy","1","0.0001275"
"868","seuyll","1","0.0001275"
"869","megyssynt","1","0.0001275"
"870","hardelw","1","0.0001275"
"871","prafter","1","0.0001275"
"872","buassei","1","0.0001275"
"873","grauanc","1","0.0001275"
"874","megys","1","0.0001275"
"875","wnaethon","1","0.0001275"
"876","rwg","1","0.0001275"
"877","fenestyr","1","0.0001275"
"878","tywyllet","1","0.0001275"
"879","ymauael","1","0.0001275"
"880","uwng","1","0.0001275"
"881","tynnu","1","0.0001275"
"882","cledyf","1","0.0001275"
"883","tharaw","1","0.0001275"
"884","gylchaw","1","0.0001275"
"885","elin","1","0.0001275"
"886","diskyr","1","0.0001275"
"887","oedit","1","0.0001275"
"888","diruawr","1","0.0001275"
"889","agori","1","0.0001275"
"890","mynho","1","0.0001275"
"891","hyn","1","0.0001275"
"892","gwnaethpwyt","1","0.0001275"
"893","wna","1","0.0001275"
"894","ebolyon","1","0.0001275"
"895","gawssei","1","0.0001275"
"896","orchymyn","1","0.0001275"
"897","synyeit","1","0.0001275"
"898","yscaualwch","1","0.0001275"
"899","gwybot","1","0.0001275"
"900","hywed","1","0.0001275"
"901","elei","1","0.0001275"
"902","uarchogaeth","1","0.0001275"
"903","emysc","1","0.0001275"
"904","glywssont","1","0.0001275"
"905","gamhet","1","0.0001275"
"906","dellis","1","0.0001275"
"907","chwedlydyaeth","1","0.0001275"
"908","douot","1","0.0001275"
"909","goueileint","1","0.0001275"
"910","deuth","1","0.0001275"
"911","amouyn","1","0.0001275"
"912","lut","1","0.0001275"
"913","hyspys","1","0.0001275"
"914","debycket","1","0.0001275"
"915","that","1","0.0001275"
"916","gueledigaeth","1","0.0001275"
"917","chael","1","0.0001275"
"918","graf","1","0.0001275"
"919","ymdanaw","1","0.0001275"
"920","lawer","1","0.0001275"
"921","truanet","1","0.0001275"
"922","luossogrwyd","1","0.0001275"
"923","mynychu","1","0.0001275"
"924","guastrodyon","1","0.0001275"
"925","adaf","1","0.0001275"
"926","bedyd","1","0.0001275"
"927","gaffwn","1","0.0001275"
"928","wneit","1","0.0001275"
"929","allo","1","0.0001275"
"930","maeth","1","0.0001275"
"931","kyuelynet","1","0.0001275"
"932","eturyt","1","0.0001275"
"933","meithryn","1","0.0001275"
"934","breiscach","1","0.0001275"
"935","teir","1","0.0001275"
"936","blwyd","1","0.0001275"
"937","diollwch","1","0.0001275"
"938","elwissen","1","0.0001275"
"939","dwf","1","0.0001275"
"940","ueint","1","0.0001275"
"941","ureisket","1","0.0001275"
"942","kanys","1","0.0001275"
"943","thripheth","1","0.0001275"
"944","gytsynnywys","1","0.0001275"
"945","chweblwyd","1","0.0001275"
"946","pedwyryd","1","0.0001275"
"947","ymoprau","1","0.0001275"
"948","adu","1","0.0001275"
"949","dwuyr","1","0.0001275"
"950","gorchymynneis","1","0.0001275"
"951","kymmeint","1","0.0001275"
"952","synnyaw","1","0.0001275"
"953","uenegis","1","0.0001275"
"954","ponyt","1","0.0001275"
"955","hywedu","1","0.0001275"
"956","gouut","1","0.0001275"
"957","dileith","1","0.0001275"
"958","tlysseu","1","0.0001275"
"959","diffetheeist","1","0.0001275"
"960","cleisseu","1","0.0001275"
"961","dyrnodeu","1","0.0001275"
"962","thatmaetheu","1","0.0001275"
"963","chwitheu","1","0.0001275"
"964","diamheu","1","0.0001275"
"965","welsam","1","0.0001275"
"966","ynot","1","0.0001275"
"967","bydwch","1","0.0001275"
"968","uaeth","1","0.0001275"
"969","megeist","1","0.0001275"
"970","thygyawd","1","0.0001275"
"971","nogyt","1","0.0001275"
"972","gynnhal","1","0.0001275"
"973","yni","1","0.0001275"
"974","iawnach","1","0.0001275"
"975","meu","1","0.0001275"
"976","hawl","1","0.0001275"
"977","kynnhal","1","0.0001275"
"978","allwyf","1","0.0001275"
"979","yrrwch","1","0.0001275"
"980","arnawchi","1","0.0001275"
"981","kyffes","1","0.0001275"
"982","kynhalyaf","1","0.0001275"
"983","differaf","1","0.0001275"
"984","parhawyf","1","0.0001275"
"985","adwn","1","0.0001275"
"986","arnam","1","0.0001275"
"987","ohonam","1","0.0001275"
"988","deffroes","1","0.0001275"
"989","chewch","1","0.0001275"
"990","chanawon","1","0.0001275"
"991","ohonunt","1","0.0001275"
"992","thu","1","0.0001275"
"993","pylgeint","1","0.0001275"
"994","deffroi","1","0.0001275"
"995","deffroyssant","1","0.0001275"
"996","dodyssynt","1","0.0001275"
"997","golles","1","0.0001275"
"998","lloski","1","0.0001275"
"999","dienydyaw","1","0.0001275"
"1000","guraged","1","0.0001275"
"1001","ydaw","1","0.0001275"
"1002","gellast","1","0.0001275"
"1003","gynnhic","1","0.0001275"
"1004","genti","1","0.0001275"
"1005","chwech","1","0.0001275"
"1006","toryfliant","1","0.0001275"
"1007","lladwn","1","0.0001275"
"1008","canawon","1","0.0001275"
"1009","irwn","1","0.0001275"
"1010","gwaet","1","0.0001275"
"1011","dwylaw","1","0.0001275"
"1012","byrwn","1","0.0001275"
"1013","eskyrn","1","0.0001275"
"1014","kychwynnwys","1","0.0001275"
"1015","bron","1","0.0001275"
"1016","thaerwn","1","0.0001275"
"1017","taered","1","0.0001275"
"1018","ymyrrwys","1","0.0001275"
"1019","hunein","1","0.0001275"
"1020","wirioned","1","0.0001275"
"1021","wybydaf","1","0.0001275"
"1022","talym","1","0.0001275"
"1023","mlyned","1","0.0001275"
"1024","odieithyr","1","0.0001275"
"1025","porth","1","0.0001275"
"1026","enweist","1","0.0001275"
"1027","beunyd","1","0.0001275"
"1028","gwyppei","1","0.0001275"
"1029","gyffranc","1","0.0001275"
"1030","gwir","1","0.0001275"
"1031","kynnic","1","0.0001275"
"1032","westei","1","0.0001275"
"1033","phellynic","1","0.0001275"
"1034","cheuyn","1","0.0001275"
"1035","gadei","1","0.0001275"
"1036","pryder","1","0.0001275"
"1037","edrychwch","1","0.0001275"
"1038","chassec","1","0.0001275"
"1039","phob","1","0.0001275"
"1040","escor","1","0.0001275"
"1041","diheu","1","0.0001275"
"1042","doluryaw","1","0.0001275"
"1043","moei","1","0.0001275"
"1044","wybydei","1","0.0001275"
"1045","hebawl","1","0.0001275"
"1046","nosweith","1","0.0001275"
"1047","llibin","1","0.0001275"
"1048","heppil","1","0.0001275"
"1049","gaffel","1","0.0001275"
"1050","ellir","1","0.0001275"
"1051","erni","1","0.0001275"
"1052","ymdaeru","1","0.0001275"
"1053","dywettei","1","0.0001275"
"1054","kigleu","1","0.0001275"
"1055","dec","1","0.0001275"
"1056","yrdaw","1","0.0001275"
"1057","druan","1","0.0001275"
"1058","chaffei","1","0.0001275"
"1059","wnaethom","1","0.0001275"
"1060","atteb","1","0.0001275"
"1061","coffau","1","0.0001275"
"1062","galar","1","0.0001275"
"1063","magwys","1","0.0001275"
"1064","chelu","1","0.0001275"
"1065","allwyt","1","0.0001275"
"1066","ytti","1","0.0001275"
"1067","phawb","1","0.0001275"
"1068","dalu","1","0.0001275"
"1069","doethon","1","0.0001275"
"1070","wneuthur","1","0.0001275"
"1071","kynnadeu","1","0.0001275"
"1072","gyflauan","1","0.0001275"
"1073","hwn","1","0.0001275"
"1074","anwedus","1","0.0001275"
"1075","wnaethoed","1","0.0001275"
"1076","yscaraf","1","0.0001275"
"1077","yawnahaf","1","0.0001275"
"1078","kymeret","1","0.0001275"
"1079","dodyssom","1","0.0001275"
"1080","dyuynnwys","1","0.0001275"
"1081","enu","1","0.0001275"
"1082","athrawon","1","0.0001275"
"1083","du","1","0.0001275"
"1084","parawt","1","0.0001275"
"1085","didraha","1","0.0001275"
"1086","gwneuthur","1","0.0001275"
"1087","hyllt","1","0.0001275"
"1088","dyrr","1","0.0001275"
"1089","paladyr","1","0.0001275"
"1090","pedrein","1","0.0001275"
"1091","angheuawl","1","0.0001275"
"1092","yttoydwn","1","0.0001275"
"1093","holi","1","0.0001275"
"1094","achos","1","0.0001275"
"1095","heuyt","1","0.0001275"
"1096","dechreueist","1","0.0001275"
"1097","gorffen","1","0.0001275"
"1098","eill","1","0.0001275"
"1099","ediuar","1","0.0001275"
"1100","lado","1","0.0001275"
"1101","bogel","1","0.0001275"
"1102","ladaf","1","0.0001275"
"1103","kywir","1","0.0001275"
"1104","odyma","1","0.0001275"
"1105","teruynedic","1","0.0001275"
"1106","kynnal","1","0.0001275"
"1107","kymerwch","1","0.0001275"
"1108","kyuarwyd","1","0.0001275"
"1109","gwybydwch","1","0.0001275"
"1110","dylyo","1","0.0001275"
"1111","dyly","1","0.0001275"
"1112","canyt","1","0.0001275"
"1113","waredauc","1","0.0001275"
"1114","uuyd","1","0.0001275"
"1115","daryan","1","0.0001275"
"1116","ossodes","1","0.0001275"
"1117","nerth","1","0.0001275"
"1118","charueidrwyd","1","0.0001275"
"1119","hymdidan","1","0.0001275"
"1120","lyssoed","1","0.0001275"
"1121","diwallaf","1","0.0001275"
"1122","lestri","1","0.0001275"
"1123","theyrndlysseu","1","0.0001275"
"1124","weneb","1","0.0001275"
"1125","erchwyn","1","0.0001275"
"1126","tirionwch","1","0.0001275"
"1127","hygar","1","0.0001275"
"1128","garueidrwyd","1","0.0001275"
"1129","wei","1","0.0001275"
"1130","rungthunt","1","0.0001275"
"1131","unnos","1","0.0001275"
"1132","chedymdeithon","1","0.0001275"
"1133","gossot","1","0.0001275"
"1134","doi","1","0.0001275"
"1135","gof","1","0.0001275"
"1136","eithaf","1","0.0001275"
"1137","ymwerendewch","1","0.0001275"
"1138","wrenhin","1","0.0001275"
"1139","hawlwr","1","0.0001275"
"1140","gilyd","1","0.0001275"
"1141","dir","1","0.0001275"
"1142","ssegur","1","0.0001275"
"1143","digaun","1","0.0001275"
"1144","pawn","1","0.0001275"
"1145","eithyr","1","0.0001275"
"1146","nessayssant","1","0.0001275"
"1147","ymgyuaruot","1","0.0001275"
"1148","kymmeller","1","0.0001275"
"1149","cledyueu","1","0.0001275"
"1150","bonedigeidaf","1","0.0001275"
"1151","ungwr","1","0.0001275"
"1152","gymmeint","1","0.0001275"
"1153","glut","1","0.0001275"
"1154","ymdidanyssam","1","0.0001275"
"1155","meuyl","1","0.0001275"
"1156","elem","1","0.0001275"
"1157","nyblyc","1","0.0001275"
"1158","ohonot","1","0.0001275"
"1159","wyneb","1","0.0001275"
"1160","attaf","1","0.0001275"
"1161","chwaethach","1","0.0001275"
"1162","rom","1","0.0001275"
"1163","medylywys","1","0.0001275"
"1164","cadarn","1","0.0001275"
"1165","diffleeis","1","0.0001275"
"1166","wrthyf","1","0.0001275"
"1167","chapla","1","0.0001275"
"1168","chyskeis","1","0.0001275"
"1169","orwedeis","1","0.0001275"
"1170","nghyffes","1","0.0001275"
"1171","gauael","1","0.0001275"
"1172","geueist","1","0.0001275"
"1173","ymlad","1","0.0001275"
"1174","frouedigaeth","1","0.0001275"
"1175","kywirdeb","1","0.0001275"
"1176","oedwn","1","0.0001275"
"1177","deweis","1","0.0001275"
"1178","diryued","1","0.0001275"
"1179","ryuuassei","1","0.0001275"
"1180","dywedeis","1","0.0001275"
"1181","chauas","1","0.0001275"
"1182","gwrogaeth","1","0.0001275"
"1183","deulu","1","0.0001275"
"1184","guereskynn","1","0.0001275"
"1185","gerdwys","1","0.0001275"
"1186","gynnadyl","1","0.0001275"
"1187","kygleu","1","0.0001275"
"1188","yrot","1","0.0001275"
"1189","wnaethost","1","0.0001275"
"1190","yrof","1","0.0001275"
"1191","talo","1","0.0001275"
"1192","kymerth","1","0.0001275"
"1193","kerdaud","1","0.0001275"
"1194","digrif","1","0.0001275"
"1195","ymwelet","1","0.0001275"
"1196","eniuer","1","0.0001275"
"1197","canis","1","0.0001275"
"1198","trydyt","1","0.0001275"
"1199","wybuyssynt","1","0.0001275"
"1200","newydach","1","0.0001275"
"1201","dyuodyat","1","0.0001275"
"1202","amserach","1","0.0001275"
"1203","vely","1","0.0001275"
"1204","vreic","1","0.0001275"
"1205","ymyrru","1","0.0001275"
"1206","digriwwch","1","0.0001275"
"1207","serchawl","1","0.0001275"
"1208","charyat","1","0.0001275"
"1209","ordifnassei","1","0.0001275"
"1210","uedylywys","1","0.0001275"
"1211","duhunaw","1","0.0001275"
"1212","farabyl","1","0.0001275"
"1213","hannwyt","1","0.0001275"
"1214","dissymlaf","1","0.0001275"
"1215","buost","1","0.0001275"
"1216","guerth","1","0.0001275"
"1217","llithyaw","1","0.0001275"
"1218","hunan","1","0.0001275"
"1219","erchlas","1","0.0001275"
"1220","chorn","1","0.0001275"
"1221","urethyn","1","0.0001275"
"1222","llwyt","1","0.0001275"
"1223","tei","1","0.0001275"
"1224","chyuarchaf","1","0.0001275"
"1225","atuyd","1","0.0001275"
"1226","teilygdawt","1","0.0001275"
"1227","etteil","1","0.0001275"
"1228","anwybot","1","0.0001275"
"1229","ymdialwyf","1","0.0001275"
"1230","can","1","0.0001275"
"1231","llathrei","1","0.0001275"
"1232","gwneuthum","1","0.0001275"
"1233","brynaf","1","0.0001275"
"1234","delw","1","0.0001275"
"1235","pryny","1","0.0001275"
"1236","vrth","1","0.0001275"
"1237","brenhin","1","0.0001275"
"1238","corunawc","1","0.0001275"
"1239","hanwyf","1","0.0001275"
"1240","hanwyt","1","0.0001275"
"1241","caf","1","0.0001275"
"1242","wyd","1","0.0001275"
"1243","kyffy","1","0.0001275"
"1244","gyuerbyn","1","0.0001275"
"1245","cochet","1","0.0001275"
"1246","wynnet","1","0.0001275"
"1247","wastat","1","0.0001275"
"1248","gydymdeithon","1","0.0001275"
"1249","threigylgweith","1","0.0001275"
"1250","prif","1","0.0001275"
"1251","kyueir","1","0.0001275"
"1252","uynnei","1","0.0001275"
"1253","glynn","1","0.0001275"
"1254","gychwynnwys","1","0.0001275"
"1255","llwyn","1","0.0001275"
"1256","diarwya","1","0.0001275"
"1257","ellwng","1","0.0001275"
"1258","gwn","1","0.0001275"
"1259","dan","1","0.0001275"
"1260","chanu","1","0.0001275"
"1261","ymgolli","1","0.0001275"
"1262","oedynt","1","0.0001275"
"1263","llthrei","1","0.0001275"
"1264","unllef","1","0.0001275"
"1265","lannerch","1","0.0001275"
"1266","uaes","1","0.0001275"
"1267","ystlys","1","0.0001275"
"1268","ulaen","1","0.0001275"
"1269","pharth","1","0.0001275"
"1270","pherued","1","0.0001275"
"1271","ymordiwes","1","0.0001275"
"1272","uwrw","1","0.0001275"
"1273","liw","1","0.0001275"
"1274","hanbwyllaw","1","0.0001275"
"1275","helgwn","1","0.0001275"
"1276","claerwyn","1","0.0001275"
"1277","gochyon","1","0.0001275"
"1278","ryuelu","1","0.0001275"
"1279","guaret","1","0.0001275"
"1280","eiryoet","1","0.0001275"
"1281","hundyeu","1","0.0001275"
"1282","dilesteir","1","0.0001275"
"1283","hynt","1","0.0001275"
"1284","russya","1","0.0001275"
"1285","hebryngyat","1","0.0001275"
"1286","hebryghaud","1","0.0001275"
"1287","kyuanned","1","0.0001275"
"1288","chyrch","1","0.0001275"
"1289","nep","1","0.0001275"
"1290","guelych","1","0.0001275"
"1291","guassanaeth","1","0.0001275"
"1292","adnabydy","1","0.0001275"
"1293","uoes","1","0.0001275"
"1294","kyrchu","1","0.0001275"
"1295","yneuadeu","1","0.0001275"
"1296","llawenn","1","0.0001275"
"1297","ysteuyll","1","0.0001275"
"1298","ardurn","1","0.0001275"
"1299","adeiladeu","1","0.0001275"
"1300","makwyueit","1","0.0001275"
"1301","ieueinc","1","0.0001275"
"1302","phaup","1","0.0001275"
"1303","delynt","1","0.0001275"
"1304","waret","1","0.0001275"
"1305","wiscaw","1","0.0001275"
"1306","hardaf","1","0.0001275"
"1307","chyweiraf","1","0.0001275"
"1308","iarll","1","0.0001275"
"1309","deby","1","0.0001275"
"1310","gei","1","0.0001275"
"1311","ragof","1","0.0001275"
"1312","wwyf","1","0.0001275"
"1313","gormes","1","0.0001275"
"1314","uych","1","0.0001275"
"1315","elly","1","0.0001275"
"1316","haut","1","0.0001275"
"1317","gherennyd","1","0.0001275"
"1318","minnheu","1","0.0001275"
"1319","awnaf","1","0.0001275"
"1320","manac","1","0.0001275"
"1321","managaf","1","0.0001275"
"1322","gelly","1","0.0001275"
"1323","gedymdeithas","1","0.0001275"
"1324","beunoeth","1","0.0001275"
"1325","swydawc","1","0.0001275"
"1326","canlynwys","1","0.0001275"
"1327","yroet","1","0.0001275"
"1328","auory","1","0.0001275"
"1329","tidi","1","0.0001275"
"1330","kynnadyl","1","0.0001275"
"1331","kyt","1","0.0001275"
"1332","bwyf","1","0.0001275"
"1333","ympenn","1","0.0001275"
"1334","gyuarwyd","1","0.0001275"
"1335","rith","1","0.0001275"
"1336","dyrnaut","1","0.0001275"
"1337","rodych","1","0.0001275"
"1338","byw","1","0.0001275"
"1339","archo","1","0.0001275"
"1340","yti","1","0.0001275"
"1341","ymbilio","1","0.0001275"
"1342","idau","1","0.0001275"
"1343","ymladei","1","0.0001275"
"1344","gystal","1","0.0001275"
"1345","hygaret","1","0.0001275"
"1346","kyuartal","1","0.0001275"
"1347","cressaw","1","0.0001275"
"1348","guahanu","1","0.0001275"
"1349","chwedleu","1","0.0001275"
"1350","ereill","1","0.0001275"
"1351","trossei","1","0.0001275"
"1352","odyna","1","0.0001275"
"1353","llewenyd","1","0.0001275"
"1354","uaranned","1","0.0001275"
"1355","treulwyt","1","0.0001275"
"1356","kyweiryaw","1","0.0001275"
"1357","enryded","1","0.0001275"
"1358","gwineu","1","0.0001275"
"1359","teyrneid","1","0.0001275"
"1360","guisc","1","0.0001275"
"1361","eirchat","1","0.0001275"
"1362","gywiraw","1","0.0001275"
"1363","erchych","1","0.0001275"
"1364","gaffael","1","0.0001275"
"1365","itti","1","0.0001275"
"1366","rody","1","0.0001275"
"1367","neus","1","0.0001275"
"1368","gwyd","1","0.0001275"
"1369","garaf","1","0.0001275"
"1370","herchi","1","0.0001275"
"1371","kynhewi","1","0.0001275"
"1372","rodassei","1","0.0001275"
"1373","taw","1","0.0001275"
"1374","uuscrellach","1","0.0001275"
"1375","ssynnwyr","1","0.0001275"
"1376","edewit","1","0.0001275"
"1377","choffa","1","0.0001275"
"1378","mynyssit","1","0.0001275"
"1379","keissaw","1","0.0001275"
"1380","archut","1","0.0001275"
"1381","meityn","1","0.0001275"
"1382","sewyll","1","0.0001275"
"1383","arhos","1","0.0001275"
"1384","gwaret","1","0.0001275"
"1385","rann","1","0.0001275"
"1386","phenn","1","0.0001275"
"1387","golwc","1","0.0001275"
"1388","doy","1","0.0001275"
"1389","crassaw","1","0.0001275"
"1390","diuwyn","1","0.0001275"
"1391","ffryt","1","0.0001275"
"1392","pennaf","1","0.0001275"
"1393","oreu","1","0.0001275"
"1394","iach","1","0.0001275"
"1395","hanwod","1","0.0001275"
"1396","ydys","1","0.0001275"
"1397","mynneis","1","0.0001275"
"1398","mynnaf","1","0.0001275"
"1399","etwa","1","0.0001275"
"1400","gwrthyt","1","0.0001275"
"1401","deuthum","1","0.0001275"
"1402","caffwn","1","0.0001275"
"1403","dewis","1","0.0001275"
"1404","morynnyon","1","0.0001275"
"1405","dewisswn","1","0.0001275"
"1406","uynny","1","0.0001275"
"1407","barawt","1","0.0001275"
"1408","tric","1","0.0001275"
"1409","uuost","1","0.0001275"
"1410","hanuod","1","0.0001275"
"1411","llessach","1","0.0001275"
"1412","gwaul","1","0.0001275"
"1413","arwyd","1","0.0001275"
"1414","rot","1","0.0001275"
"1415","uarchogyon","1","0.0001275"
"1416","glywhont","1","0.0001275"
"1417","diskynnent","1","0.0001275"
"1418","madws","1","0.0001275"
"1419","ercheist","1","0.0001275"
"1420","medyant","1","0.0001275"
"1421","darpar","1","0.0001275"
"1422","rodeis","1","0.0001275"
"1423","eidawaf","1","0.0001275"
"1424","gerdawd","1","0.0001275"
"1425","ryngthaw","1","0.0001275"
"1426","berllan","1","0.0001275"
"1427","dot","1","0.0001275"
"1428","gorchymynnassei","1","0.0001275"
"1429","ymdan","1","0.0001275"
"1430","w","1","0.0001275"
"1431","chymryt","1","0.0001275"
"1432","lloppaneu","1","0.0001275"
"1433","draet","1","0.0001275"
"1434","wedy","1","0.0001275"
"1435","ro","1","0.0001275"
"1436","chraessaw","1","0.0001275"
"1437","negessawl","1","0.0001275"
"1438","craessaw","1","0.0001275"
"1439","gyuartal","1","0.0001275"
"1440","erchy","1","0.0001275"
"1441","lef","1","0.0001275"
"1442","rwymedic","1","0.0001275"
"1443","tormyn","1","0.0001275"
"1444","dyret","1","0.0001275"
"1445","nawc","1","0.0001275"
"1446","kyuoethawc","1","0.0001275"
"1447","derw","1","0.0001275"
"1448","dywedeist","1","0.0001275"
"1449","allaf","1","0.0001275"
"1450","chaffo","1","0.0001275"
"1451","eirch","1","0.0001275"
"1452","niueroed","1","0.0001275"
"1453","amdanaf","1","0.0001275"
"1454","genhyt","1","0.0001275"
"1455","perllan","1","0.0001275"
"1456","uchot","1","0.0001275"
"1457","gyuedach","1","0.0001275"
"1458","ymywn","1","0.0001275"
"1459","corn","1","0.0001275"
"1460","reudus","1","0.0001275"
"1461","amdanat","1","0.0001275"
"1462","dottit","1","0.0001275"
"1463","launach","1","0.0001275"
"1464","byryer","1","0.0001275"
"1465","dywet","1","0.0001275"
"1466","chyuoethauc","1","0.0001275"
"1467","guascu","1","0.0001275"
"1468","rydodet","1","0.0001275"
"1469","ymman","1","0.0001275"
"1470","sseghi","1","0.0001275"
"1471","tro","1","0.0001275"
"1472","glwm","1","0.0001275"
"1473","garryeu","1","0.0001275"
"1474","ass","1","0.0001275"
"1475","arhoaf","1","0.0001275"
"1476","hawsset","1","0.0001275"
"1477","gallei","1","0.0001275"
"1478","rywedawt","1","0.0001275"
"1479","kymriw","1","0.0001275"
"1480","plith","1","0.0001275"
"1481","ryuedawt","1","0.0001275"
"1482","guelwn","1","0.0001275"
"1483","canwelw","1","0.0001275"
"1484","aruchel","1","0.0001275"
"1485","eureit","1","0.0001275"
"1486","prifford","1","0.0001275"
"1487","gerdei","1","0.0001275"
"1488","araf","1","0.0001275"
"1489","ohonawchi","1","0.0001275"
"1490","athoed","1","0.0001275"
"1491","fei","1","0.0001275"
"1492","deupeth","1","0.0001275"
"1493","maestir","1","0.0001275"
"1494","dangosses","1","0.0001275"
"1495","ffei","1","0.0001275"
"1496","dechreuyssei","1","0.0001275"
"1497","ballwys","1","0.0001275"
"1498","pallu","1","0.0001275"
"1499","bedestric","1","0.0001275"
"1500","unbennes","1","0.0001275"
"1501","racco","1","0.0001275"
"1502","varch","1","0.0001275"
"1503","kyuoyth","1","0.0001275"
"1504","ystyr","1","0.0001275"
"1505","hut","1","0.0001275"
"1506","ymriw","1","0.0001275"
"1507","odyno","1","0.0001275"
"1508","uwyta","1","0.0001275"
"1509","milgwn","1","0.0001275"
"1510","dosparth","1","0.0001275"
"1511","iwch","1","0.0001275"
"1512","datkanu","1","0.0001275"
"1513","caffael","1","0.0001275"
"1514","honot","1","0.0001275"
"1515","gaussam","1","0.0001275"
"1516","attygy","1","0.0001275"
"1517","ot","1","0.0001275"
"1518","gwnn","1","0.0001275"
"1519","attygaf","1","0.0001275"
"1520","cadarnhau","1","0.0001275"
"1521","kedymdeithas","1","0.0001275"
"1522","pop","1","0.0001275"
"1523","hebogeu","1","0.0001275"
"1524","eistedo","1","0.0001275"
"1525","gyfryw","1","0.0001275"
"1526","dlws","1","0.0001275"
"1527","bob","1","0.0001275"
"1528","digrifhau","1","0.0001275"
"1529","drigiant","1","0.0001275"
"1530","lwydannus","1","0.0001275"
"1531","dewred","1","0.0001275"
"1532","diffygywys","1","0.0001275"
"1533","gelwit","1","0.0001275"
"1534","threigylgueith","1","0.0001275"
"1535","priflys","1","0.0001275"
"1536","orymdeith","1","0.0001275"
"1537","elwit","1","0.0001275"
"1538","kynnedyf","1","0.0001275"
"1539","threulau","1","0.0001275"
"1540","buam","1","0.0001275"
"1541","arho","1","0.0001275"
"1542","hayach","1","0.0001275"
"1543","llonyd","1","0.0001275"
"1544","diuyrru","1","0.0001275"
"1545","wwyta","1","0.0001275"
"1546","bwyd","1","0.0001275"
"1547","buom","1","0.0001275"
"1548","echtoe","1","0.0001275"
"1549","llymma","1","0.0001275"
"1550","thitheu","1","0.0001275"
"1551","kyfrwya","1","0.0001275"
"1552","dabre","1","0.0001275"
"1553","dwc","1","0.0001275"
"1554","gwas","1","0.0001275"
"1555","buant","1","0.0001275"
"1556","enkyt","1","0.0001275"
"1557","wrthpwythi","1","0.0001275"
"1558","welaf","1","0.0001275"
"1559","moes","1","0.0001275"
"1560","kynt","1","0.0001275"
"1561","yskynn","1","0.0001275"
"1562","hebdaw","1","0.0001275"
"1563","gadel","1","0.0001275"
"1564","drythyll","1","0.0001275"
"1565","llamsachus","1","0.0001275"
"1566","neit","1","0.0001275"
"1567","gordiwedei","1","0.0001275"
"1568","gymhellaud","1","0.0001275"
"1569","guelet","1","0.0001275"
"1570","mwyhaf","1","0.0001275"
"1571","gery","1","0.0001275"
"1572","gerdeu","1","0.0001275"
"1573","gattei","1","0.0001275"
"1574","thidy","1","0.0001275"
"1575","dybygei","1","0.0001275"
"1576","uakwyueit","1","0.0001275"
"1577","dwg","1","0.0001275"
"1578","mays","1","0.0001275"
"1579","makwyf","1","0.0001275"
"1580","val","1","0.0001275"
"1581","bid","1","0.0001275"
"1582","gywerbyn","1","0.0001275"
"1583","mukwyf","1","0.0001275"
"1584","gyfrwy","1","0.0001275"
"1585","adoed","1","0.0001275"
"1586","chynnwll","1","0.0001275"
"1587","rygthunt","1","0.0001275"
"1588","rygyng","1","0.0001275"
"1589","araued","1","0.0001275"
"1590","maes","1","0.0001275"
"1591","kerdei","1","0.0001275"
"1592","ymordiwedei","1","0.0001275"
"1593","thy","1","0.0001275"
"1594","gywys","1","0.0001275"
"1595","auwyneu","1","0.0001275"
"1596","chytl","1","0.0001275"
"1597","phei","1","0.0001275"
"1598","wyaf","1","0.0001275"
"1599","tygyaw","1","0.0001275"
"1600","wnueth","1","0.0001275"
"1601","oess","1","0.0001275"
"1602","allu","1","0.0001275"
"1603","weleisti","1","0.0001275"
"1604","herlit","1","0.0001275"
"1605","mabynnogyon","1","0.0001275"
